IPAddress: 10.10.10.1, 1472729311.071722, 1472729311.071775, 1472729311.071839, 1472729311.17446, 1472729311.21373, 1472729311.43424, 1473432883.355439, 1473432883.425369, 1473432883.475166, 1473432883.815918, 1473325029.019363, 1473325029.019415, 1473325029.019479, 1473325029.090326, 1473325029.123994, 1473325029.401647, 1473325202.990717, 1473325203.079248, 1473325203.121948, 1473325203.318722, 1473325352.746341, 1473325352.807388, 1473325352.859944, 1473325353.075617, 1473325509.762741, 1473325509.819813, 1473325510.121063, 1473325510.208332, 1473325526.356234, 1473325542.398511, 1473432384.315529, 1473432384.383659, 1473432384.676643, 1473432385.600258, 1473432220.702452, 1473432220.786784, 1473432220.924563, 1473432221.074176, 1473432538.013573, 1473432538.087829, 1473432538.215557, 1473432538.573056, 1473432720.060661, 1473432720.128273, 1473432720.418496, 1473432720.503376, 1473432736.865685, 1473432752.904067, 1471868133.178271, 1471868133.178357, 1471868133.178519, 1471868133.402161, 1471868133.989726, 1471868134.112002, 1471869833.956348, 1471869834.038492, 1471869834.067504, 1471869834.333255, 1471869850.231112, 1471869866.282479, 1471868356.006115, 1471868356.072146, 1471868356.101989, 1471868356.354373, 1471868477.695956, 1471868477.763978, 1471868477.816287, 1471868478.281882, 1471868626.564298, 1471868626.618043, 1471868626.640056, 1471868626.874269, 1471868642.794294, 1471868658.830505, 1471868762.245672, 1471868762.302331, 1471868762.481411, 1471868762.542633, 1471868904.668571, 1471868904.747002, 1471868904.914378, 1471868904.98197, 1471869098.926835, 1471869098.992404, 1471869099.023858, 1471869099.236659, 1471869231.515441, 1471869231.569831, 1471869231.612354, 1471869231.851285, 1471869693.725485, 1471869693.785839, 1471869693.980899, 1471869694.030442, 1471869710.014766
IPAddress: 52.49.65.150, 1472729311.459994, 1472729312.312004, 1472729312.313911, 1472729312.31394, 1472729312.313946, 1472729313.577313, 1472729313.626454, 1472729320.377881, 1472729322.768303, 1472729322.836507, 1472729333.034592, 1472729333.100775, 1472729344.930961, 1472729345.059763, 1473432538.598446, 1473432539.21072, 1473432539.212623, 1473432539.212659, 1473432539.212668, 1473432540.434921, 1473432540.556404, 1473432542.990781, 1473432545.206256, 1473432545.265392, 1473432548.599025, 1473432548.726038, 1473432555.922546, 1473432556.007822, 1473432563.208312, 1473432563.286129, 1473432570.538298, 1473432570.66996, 1473432722.769119, 1473432722.76918, 1471869836.23006, 1471869836.230108, 1471868478.307329, 1471868479.139268, 1471868479.141148, 1471868479.141176, 1471868479.141181, 1471868480.537767, 1471868480.663771, 1471868485.23023, 1471868487.623233, 1471868487.663449, 1471868489.408615, 1471868489.465342, 1471868496.675439, 1471868496.74909, 1471868503.95757, 1471868504.028957, 1471868511.2163, 1471868511.309228, 1471868628.87816, 1471868628.878188, 1471868905.007267, 1471868905.59537, 1471868905.597273, 1471868905.597301, 1471868905.597306, 1471868907.654726, 1471868907.712674, 1471868910.096945, 1471868912.489704, 1471868912.530402, 1471868915.858118, 1471868915.911884, 1471868923.134337, 1471868923.191627, 1471868930.441128, 1471868930.575717, 1471868937.803984, 1471868937.855551, 1471869102.173816, 1471869102.173842, 1471869231.876642, 1471869232.469166, 1471869232.471081, 1471869232.471106, 1471869232.471113, 1471869233.718077, 1471869233.768004, 1471869236.206921, 1471869238.599658, 1471869238.639363, 1471869241.744778, 1471869241.809572, 1471869249.021556, 1471869249.089934, 1471869256.302701, 1471869256.369665, 1471869263.583111, 1471869263.649556, 1471869694.056052, 1471869694.23032, 1471869694.647383, 1471869694.649262, 1471869694.649298, 1471869694.649308, 1471869695.873458, 1471869695.930096, 1471869698.313703, 1471869700.697755, 1471869704.233448, 1471869704.406623, 1471869711.591884, 1471869711.64859, 1471869718.874629, 1471869718.928983, 1471869726.155504, 1471869726.208634
IPAddress: 129.6.15.29, 1472729311.501118, 1473432226.11949
IPAddress: 129.6.15.28, 1473432883.763729, 1473325029.421611, 1471868905.081107
IPAddress: 52.209.224.132, 1473432883.841766, 1473432884.433937, 1473432884.436031, 1473432884.43606, 1473432884.436065, 1473432885.683684, 1473432885.929889, 1473432888.270206, 1473432890.678356, 1473432894.761038, 1473432894.881266, 1473432902.046326, 1473432902.124648, 1473432909.3548, 1473432909.414113, 1473432916.648233, 1473432916.803323, 1473325029.427693, 1473325030.015585, 1473325030.017502, 1473325030.017529, 1473325030.017535, 1473325031.261807, 1473325031.387619, 1473325031.619697, 1473325031.653736, 1473325038.388562, 1473325038.391106, 1473325040.769229, 1473325049.312969, 1473325049.471718, 1473325061.297251, 1473325061.391476, 1473325203.322535, 1473325206.343495, 1473325206.930158, 1473325206.932142, 1473325206.932177, 1473325206.932187, 1473325208.152309, 1473325208.225378, 1473325212.853785, 1473325215.248597, 1473325215.299934, 1473325220.735802, 1473325220.844702, 1473325228.020546, 1473325228.124439, 1473325235.293653, 1473325235.409112, 1473325353.101292, 1473325353.690638, 1473325353.692609, 1473325353.692643, 1473325353.692652, 1473325355.660438, 1473325355.779172, 1473325355.7792, 1473325355.784239, 1473325362.534639, 1473325364.919008, 1473325370.257056, 1473325370.405194, 1473325377.563224, 1473325377.645344, 1473325384.873006, 1473325384.938324, 1473325512.638681, 1473325512.638715, 1471868356.380233, 1471868356.990009, 1471868356.99165, 1471868356.991677, 1471868356.991683, 1471868358.221471, 1471868358.361777, 1471868365.114405, 1471868367.508937, 1471868367.555498, 1471868373.601803, 1471868373.660712, 1471868380.852187, 1471868380.940668, 1471868388.161527, 1471868388.221144, 1471868480.659324, 1471868480.659352, 1471868626.900239, 1471868627.488746, 1471868627.490608, 1471868627.490635, 1471868627.490642, 1471868628.745004, 1471868628.883508, 1471868631.271962, 1471868633.66641, 1471868633.704023, 1471868637.523965, 1471868637.599171, 1471868644.82675, 1471868644.878949, 1471868652.108624, 1471868652.158292, 1471868659.358104, 1471868659.439337, 1471868764.450703, 1471868764.45073, 1471869099.262255, 1471869099.850488, 1471869099.852402, 1471869099.852429, 1471869099.852435, 1471869102.045391, 1471869102.187221, 1471869104.655628, 1471869106.864591, 1471869109.635223, 1471869109.733052, 1471869116.948183, 1471869117.07689, 1471869124.303058, 1471869124.357632, 1471869131.558654, 1471869131.637548, 1471869233.759893, 1471869233.759952
IPAddress: 52.49.107.41, 1473432885.92516, 1473432885.925208, 1473325510.148234, 1473325510.73518, 1473325510.737062, 1473325510.737093, 1473325510.7371, 1473325512.577367, 1473325512.642742, 1473325515.026235, 1473325517.414952, 1473325517.459279, 1473325521.752713, 1473325521.889306, 1473325529.121898, 1473325529.177637, 1473325536.393783, 1473325536.458185, 1473325543.669556, 1473325543.738214, 1473432384.7041, 1473432385.291054, 1473432385.292865, 1473432385.29289, 1473432385.29291, 1473432386.542758, 1473432386.623362, 1473432389.00631, 1473432391.389496, 1473432395.963971, 1473432396.059444, 1473432403.229, 1473432403.302675, 1473432410.521683, 1473432410.581455, 1473432417.790529, 1473432417.861761, 1473432223.002525, 1473432223.002543, 1473432540.552547, 1473432540.55258, 1473432720.445944, 1473432721.035922, 1473432721.037813, 1473432721.03784, 1473432721.037846, 1473432722.631512, 1473432722.772506, 1473432725.158415, 1473432727.537245, 1473432727.544629, 1473432734.322775, 1473432734.423753, 1473432741.681419, 1473432741.807167, 1473432749.018782, 1473432749.087629, 1473432756.327151, 1473432756.471484, 1471869834.358594, 1471869834.945542, 1471869834.947409, 1471869834.947445, 1471869834.947453, 1471869836.170264, 1471869836.237814, 1471869842.987676, 1471869845.433259, 1471869845.491049, 1471869846.450895, 1471869846.509778, 1471869853.737525, 1471869853.797693, 1471869860.998748, 1471869861.077607, 1471869868.29829, 1471869868.357305
IPAddress: 167.114.204.238, 1473325203.330044
IPAddress: 211.233.40.78, 1473325353.249455, 1473325542.693179
IPAddress: 82.200.209.194, 1473432385.723028, 1471869099.248663
IPAddress: 52.18.200.165, 1473432386.61999, 1473432386.620017, 1473432221.099828, 1473432221.686165, 1473432221.688047, 1473432221.688074, 1473432221.68808, 1473432222.936956, 1473432223.007155, 1473432225.390419, 1473432227.607815, 1473432227.650047, 1473432232.112727, 1473432232.204903, 1473432239.447066, 1473432239.588438, 1473432246.796045, 1473432246.868179, 1473432254.06876, 1473432254.148928, 1471868134.017994, 1471868134.632511, 1471868134.634408, 1471868134.63444, 1471868134.634447, 1471868135.863394, 1471868135.934362, 1471868135.973352, 1471868140.470484, 1471868140.472705, 1471868142.886443, 1471868142.924032, 1471868144.157657, 1471868144.295539, 1471868151.491396, 1471868151.5887, 1471868158.824649, 1471868158.972092, 1471868166.201454, 1471868166.251556, 1471868358.357544, 1471868358.357571, 1471868762.56843, 1471868763.177996, 1471868763.179882, 1471868763.17991, 1471868763.179915, 1471868764.403372, 1471868764.455416, 1471868771.100444, 1471868773.494089, 1471868773.531984, 1471868779.327491, 1471868779.415568, 1471868786.665534, 1471868786.800889, 1471868793.984033, 1471868794.093097, 1471868907.708945, 1471868907.70898
IPAddress: 202.118.1.81, 1473432538.613783, 1473432753.253525
IPAddress: 185.53.93.157, 1471868134.131355
IPAddress: 210.23.25.77, 1471869866.48889
IPAddress: 212.85.158.10, 1471868356.247784
IPAddress: 78.46.107.140, 1471868477.936266
IPAddress: 91.237.88.67, 1471868762.500156
IPAddress: 210.140.66.77, 1471869231.994979
IPAddress: 173.208.177.234, 1471869710.12778
