IPAddress: 10.10.10.1, 1471452990.199577, 1471452990.19963, 1471452990.308071, 1471452997.179162, 1471452999.869707, 1471453002.982857, 1471453004.109436, 1471453024.822658, 1471453025.769081, 1471453238.481966, 1471453238.599263, 1471453255.988289, 1471453258.52279, 1471453262.765002, 1471453272.408323, 1471453274.22407, 1471453285.048035, 1471453461.64716, 1471453461.758204, 1471453464.757784, 1471453466.030088, 1471453466.864494, 1471453467.921548, 1471453468.182139, 1471453470.281067, 1471453696.214359, 1471453696.3001, 1471453713.688944, 1471453716.01574, 1471453724.26406, 1471453728.904996, 1471453730.834045, 1471453731.574354, 1471453910.038453, 1471453910.140559, 1471453913.319284, 1471453914.073721, 1471453916.210589, 1471453916.612243, 1471453923.582672, 1471453927.231632
IPAddress: 4.2.2.2, 1471452992.30565, 1471452993.319671, 1471453244.850261, 1471453245.853968, 1471453463.200275, 1471453464.220566, 1471453702.641033, 1471453703.644286, 1471453911.532182, 1471453912.539253
IPAddress: 130.149.17.8, 1471452993.349261, 1471452993.428312, 1471453240.056102, 1471453240.161453, 1471453464.246735, 1471453464.663221, 1471453698.755332, 1471453698.833527, 1471453912.608865, 1471453912.67838
IPAddress: 50.16.203.253, 1471452997.281231, 1471452997.445176, 1471452997.445571, 1471452997.445599, 1471452997.445605, 1471452997.445614, 1471452997.618299, 1471452997.735604, 1471452997.835091, 1471452997.873712, 1471452997.934801, 1471452997.934854, 1471452997.935313, 1471452997.972945, 1471452997.973658, 1471452998.035535, 1471452998.047163, 1471452998.059037, 1471452998.084544, 1471452998.096465, 1471452998.109947, 1471452998.134784, 1471452998.135558, 1471452998.160055, 1471452998.196606, 1471452998.219967, 1471452998.2351, 1471452998.261318, 1471452998.284794, 1471452998.334653, 1471452998.441661, 1471452998.441689, 1471452998.54767, 1471452998.547699, 1471452998.547704, 1471453262.866919, 1471453263.011308, 1471453263.011679, 1471453263.011706, 1471453263.011712, 1471453263.011722, 1471453263.185958, 1471453263.305529, 1471453263.407584, 1471453263.447448, 1471453263.510491, 1471453263.510522, 1471453263.510528, 1471453263.54965, 1471453263.549886, 1471453263.61228, 1471453263.625251, 1471453263.637961, 1471453263.663893, 1471453263.71287, 1471453263.730176, 1471453263.730204, 1471453263.834844, 1471453263.834873, 1471453916.32379, 1471453916.614078, 1471453916.614454, 1471453916.614481, 1471453916.614487, 1471453916.614496, 1471453916.779927, 1471453916.898352, 1471453917.000632, 1471453917.040161, 1471453917.101802, 1471453917.102038, 1471453917.102771, 1471453917.1409, 1471453917.19395, 1471453917.208282, 1471453917.220841, 1471453917.241546, 1471453917.268832, 1471453917.283062, 1471453917.30611, 1471453917.342582, 1471453917.356816, 1471453917.463735, 1471453917.463764
IPAddress: 50.19.247.85, 1471453000.9771, 1471453001.07952, 1471453001.081922, 1471453001.184634, 1471453467.139304, 1471453467.246887, 1471453467.24743, 1471453467.348378, 1471453717.122865, 1471453717.224314, 1471453717.224846, 1471453717.326084, 1471453914.43111, 1471453914.535203, 1471453914.535828, 1471453914.63802
IPAddress: 54.166.254.31, 1471453002.198537, 1471453002.305294, 1471453002.305325, 1471453002.437436
IPAddress: 54.225.150.170, 1471453003.085442, 1471453003.220536, 1471453003.220939, 1471453003.220976, 1471453003.220986, 1471453003.220999, 1471453003.381054, 1471453003.499249, 1471453003.601085, 1471453003.638044, 1471453003.702638, 1471453003.703158, 1471453003.703415, 1471453003.739504, 1471453003.739747, 1471453003.804142, 1471453003.817243, 1471453003.829269, 1471453003.853043, 1471453003.8664, 1471453003.879, 1471453003.906125, 1471453003.906968, 1471453003.932828, 1471453003.95747, 1471453003.983131, 1471453004.008459, 1471453004.035253, 1471453004.059931, 1471453004.08508, 1471453004.109836, 1471453004.134133, 1471453004.159173, 1471453004.210007, 1471453004.211012, 1471453004.256101, 1471453004.381768, 1471453004.407185, 1471453004.433908, 1471453004.458577, 1471453004.486928, 1471453004.570604, 1471453004.600725, 1471453004.721501, 1471453004.745875, 1471453004.788037, 1471453004.822925, 1471453004.854413, 1471453004.904788, 1471453004.937566, 1471453004.96134, 1471453005.029903, 1471453005.055531, 1471453005.0764, 1471453005.103552, 1471453005.128079, 1471453005.154237, 1471453005.197173, 1471453005.298633, 1471453005.33871, 1471453916.714215, 1471453916.849227, 1471453916.849495, 1471453916.849522, 1471453916.849528, 1471453916.849537, 1471453917.011356, 1471453917.13054, 1471453917.232349, 1471453917.268802, 1471453917.334396, 1471453917.334621, 1471453917.334911, 1471453917.372096, 1471453917.372219, 1471453917.435387, 1471453917.449815, 1471453917.476946, 1471453917.490553, 1471453917.506718, 1471453917.536098, 1471453917.549441, 1471453917.563372, 1471453917.592319, 1471453917.617726, 1471453917.636685, 1471453917.664089, 1471453917.705569, 1471453917.73046, 1471453917.737323, 1471453917.838143, 1471453917.892703, 1471453917.892739, 1471453917.998958, 1471453917.998995, 1471453917.999003
IPAddress: 54.235.111.253, 1471453004.213847, 1471453004.381158, 1471453004.381475, 1471453004.381504, 1471453004.38151, 1471453004.38152, 1471453004.546655, 1471453004.667232, 1471453004.770281, 1471453004.808364, 1471453004.873011, 1471453004.873206, 1471453004.873605, 1471453004.911298, 1471453004.911425, 1471453004.976633, 1471453004.99005, 1471453005.001874, 1471453005.02711, 1471453005.078836, 1471453005.097053, 1471453005.097081, 1471453005.204196, 1471453005.204226, 1471453274.325279, 1471453274.458881, 1471453274.459248, 1471453274.459273, 1471453274.459292, 1471453274.459302, 1471453274.622966, 1471453274.739878, 1471453274.840731, 1471453274.877992, 1471453274.941331, 1471453274.941624, 1471453274.942581, 1471453274.97859, 1471453274.979476, 1471453275.041951, 1471453275.042212, 1471453275.054711, 1471453275.066837, 1471453275.092705, 1471453275.106041, 1471453275.142676, 1471453275.156902, 1471453275.260829, 1471453275.260857, 1471453923.711881, 1471453923.8839, 1471453923.884314, 1471453923.884342, 1471453923.884364, 1471453923.884374, 1471453924.074923, 1471453924.219256, 1471453924.347842, 1471453924.388016, 1471453924.477538, 1471453924.47771, 1471453924.477943, 1471453924.517203, 1471453924.517264, 1471453924.609009, 1471453924.621349, 1471453924.634007, 1471453924.658399, 1471453924.736712, 1471453924.756628, 1471453924.756678, 1471453924.88434, 1471453924.884373
IPAddress: 50.19.90.237, 1471453024.92445, 1471453025.061523, 1471453025.06197, 1471453025.061999, 1471453025.062016, 1471453025.064826, 1471453025.064851, 1471453025.507157, 1471453025.611871, 1471453025.61383, 1471453025.729127, 1471453025.830287, 1471453025.867058, 1471453025.931418, 1471453025.931453, 1471453025.93181, 1471453025.967874, 1471453025.968233, 1471453026.032995, 1471453026.033024, 1471453026.046062, 1471453026.058652, 1471453026.081198, 1471453026.094125, 1471453026.106727, 1471453026.134151, 1471453026.13418, 1471453026.195185, 1471453026.219887, 1471453026.235735, 1471453026.266522, 1471453026.315006, 1471453026.337394, 1471453026.395018, 1471453026.438067, 1471453026.470623, 1471453026.496772, 1471453026.538556, 1471453026.578977, 1471453026.605431, 1471453026.639292, 1471453026.702738, 1471453026.730346, 1471453026.740007, 1471453026.753123, 1471453026.766875, 1471453026.779347, 1471453026.79201, 1471453026.818787, 1471453026.831488, 1471453026.840569, 1471453026.860429, 1471453026.876306, 1471453026.889314, 1471453026.903309, 1471453026.91617, 1471453026.941405, 1471453026.967315, 1471453026.99816, 1471453026.998217, 1471453026.998231, 1471453464.861766, 1471453465.025421, 1471453465.025958, 1471453465.025985, 1471453465.025991, 1471453465.031135, 1471453465.031162, 1471453465.494617, 1471453465.599586, 1471453465.601595, 1471453465.715821, 1471453465.815897, 1471453465.85582, 1471453465.917117, 1471453465.917374, 1471453465.917638, 1471453465.955615, 1471453465.955643, 1471453466.016352, 1471453466.016383, 1471453466.029639, 1471453466.043322, 1471453466.066227, 1471453466.079175, 1471453466.091486, 1471453466.115745, 1471453466.115834, 1471453466.138395, 1471453466.169015, 1471453466.189559, 1471453466.215129, 1471453466.240074, 1471453466.281699, 1471453466.308105, 1471453466.317191, 1471453466.342551, 1471453466.368428, 1471453466.392824, 1471453466.415985, 1471453466.450545, 1471453466.478296, 1471453466.510084, 1471453466.514941, 1471453466.529694, 1471453466.546097, 1471453466.561141, 1471453466.576749, 1471453466.594309, 1471453466.610201, 1471453466.615507, 1471453466.634142, 1471453466.649848, 1471453466.662409, 1471453466.67525, 1471453466.689309, 1471453466.714896, 1471453466.843777, 1471453466.844505, 1471453466.84474, 1471453466.857032, 1471453466.857254, 1471453466.857281
IPAddress: 23.21.60.181, 1471453025.869233, 1471453026.015055, 1471453026.015418, 1471453026.015447, 1471453026.015453, 1471453026.015461, 1471453026.180759, 1471453026.306097, 1471453026.406229, 1471453026.44643, 1471453026.506344, 1471453026.506746, 1471453026.507151, 1471453026.545974, 1471453026.546207, 1471453026.606824, 1471453026.614242, 1471453026.619003, 1471453026.631516, 1471453026.657493, 1471453026.670584, 1471453026.713561, 1471453026.73442, 1471453026.836366, 1471453026.836416, 1471453468.023109, 1471453468.156518, 1471453468.156854, 1471453468.156879, 1471453468.156968, 1471453468.156986, 1471453468.323004, 1471453468.447396, 1471453468.548727, 1471453468.585039, 1471453468.649646, 1471453468.649885, 1471453468.650204, 1471453468.688236, 1471453468.689112, 1471453468.750832, 1471453468.750868, 1471453468.784425, 1471453468.806182, 1471453468.834058, 1471453468.848676, 1471453468.851775, 1471453468.887706, 1471453468.914249, 1471453468.942213, 1471453468.952315, 1471453469.016892, 1471453469.042191, 1471453469.054138, 1471453469.154693, 1471453469.209358, 1471453469.250692, 1471453469.256154, 1471453469.306442, 1471453469.356693, 1471453469.410136, 1471453469.431962, 1471453469.457891, 1471453469.558656, 1471453469.581197, 1471453469.702722, 1471453469.748856, 1471453469.774156, 1471453469.800674, 1471453469.817116, 1471453469.869079, 1471453469.884186, 1471453469.917928, 1471453469.930645, 1471453470.052808, 1471453470.07723, 1471453470.102704, 1471453470.129214, 1471453470.154263, 1471453470.167215, 1471453470.192877, 1471453470.218914, 1471453470.244787, 1471453470.268081, 1471453470.295687, 1471453470.320162, 1471453470.345685, 1471453470.369086, 1471453470.429003, 1471453470.469558, 1471453470.527167, 1471453531.043965, 1471453724.266686, 1471453727.36219, 1471453727.539352, 1471453727.541881, 1471453727.541909, 1471453727.541916, 1471453727.541925, 1471453727.746655, 1471453727.8765, 1471453727.934613, 1471453727.977843, 1471453727.978107, 1471453727.978372, 1471453728.035848, 1471453728.03617, 1471453728.079058, 1471453728.079107, 1471453728.091882, 1471453728.104034, 1471453728.148709, 1471453728.161024, 1471453728.180179, 1471453728.199788, 1471453728.199825, 1471453728.304223, 1471453728.304272
IPAddress: 129.143.47.6, 1471453240.004177
IPAddress: 23.23.236.208, 1471453256.117957, 1471453256.31005, 1471453256.310377, 1471453256.310404, 1471453256.310409, 1471453256.310418, 1471453256.544459, 1471453256.694413, 1471453256.827097, 1471453256.863468, 1471453256.95702, 1471453256.957269, 1471453256.957529, 1471453256.992338, 1471453256.99907, 1471453257.079847, 1471453257.092027, 1471453257.103723, 1471453257.124551, 1471453257.136916, 1471453257.149334, 1471453257.195991, 1471453257.196233, 1471453257.196617, 1471453257.22308, 1471453257.250466, 1471453257.276241, 1471453257.309193, 1471453257.30988, 1471453257.335483, 1471453257.42115, 1471453257.466794, 1471453257.466823, 1471453257.588296, 1471453257.588326, 1471453257.588331, 1471453470.382389, 1471453470.527727, 1471453470.528033, 1471453470.528149, 1471453470.528162, 1471453470.528171, 1471453470.697958, 1471453470.815576, 1471453470.916316, 1471453470.957977, 1471453471.017001, 1471453471.08559, 1471453471.09659, 1471453471.118702, 1471453471.118732, 1471453471.130402, 1471453471.186032, 1471453471.198574, 1471453471.220342, 1471453471.237878, 1471453471.237906, 1471453471.341623, 1471453471.341652, 1471453731.67633, 1471453731.811199, 1471453731.811449, 1471453731.811462, 1471453731.811519, 1471453731.811534, 1471453731.972925, 1471453732.095562, 1471453732.199233, 1471453732.240811, 1471453732.302815, 1471453732.302951, 1471453732.305037, 1471453732.345075, 1471453732.345144, 1471453732.407006, 1471453732.438548, 1471453732.448314, 1471453732.473459, 1471453732.493717, 1471453732.506587, 1471453732.55046, 1471453732.564958, 1471453732.676935, 1471453732.677
IPAddress: 23.23.244.247, 1471453259.627997, 1471453259.725575, 1471453259.726232, 1471453259.828556
IPAddress: 54.163.33.123, 1471453260.86359, 1471453260.983043, 1471453260.983074, 1471453261.131462
IPAddress: 23.21.145.73, 1471453272.512328, 1471453272.649784, 1471453272.650161, 1471453272.650186, 1471453272.650251, 1471453272.652937, 1471453272.652964, 1471453273.101939, 1471453273.208384, 1471453273.209334, 1471453273.328085, 1471453273.430938, 1471453273.470529, 1471453273.533534, 1471453273.533715, 1471453273.534049, 1471453273.57309, 1471453273.573274, 1471453273.636212, 1471453273.636249, 1471453273.649012, 1471453273.662487, 1471453273.689254, 1471453273.700973, 1471453273.71323, 1471453273.738855, 1471453273.739123, 1471453273.739158, 1471453273.767372, 1471453273.792512, 1471453273.818209, 1471453273.843519, 1471453273.868052, 1471453273.893615, 1471453273.919787, 1471453273.945473, 1471453273.945601, 1471453273.972448, 1471453273.998827, 1471453274.024198, 1471453274.04823, 1471453274.073692, 1471453274.087194, 1471453274.100168, 1471453274.113113, 1471453274.125538, 1471453274.139532, 1471453274.150737, 1471453274.16462, 1471453274.177248, 1471453274.190808, 1471453274.2043, 1471453274.217612, 1471453274.230194, 1471453274.244851, 1471453274.253507, 1471453274.279481, 1471453274.306856, 1471453274.311501, 1471453274.31153, 1471453730.959407, 1471453731.1172, 1471453731.117649, 1471453731.117673, 1471453731.117679, 1471453731.120937, 1471453731.120966, 1471453731.593737, 1471453731.724885, 1471453731.726922, 1471453731.872834, 1471453732.006347, 1471453732.045145, 1471453732.140317, 1471453732.141518, 1471453732.142988, 1471453732.178825, 1471453732.178856, 1471453732.27249, 1471453732.289007, 1471453732.30214, 1471453732.312479, 1471453732.325955, 1471453732.337678, 1471453732.40488, 1471453732.416083, 1471453732.431017, 1471453732.444119, 1471453732.498473, 1471453732.562453, 1471453732.580351, 1471453732.611127, 1471453732.648902, 1471453732.699549, 1471453732.699601, 1471453732.717681, 1471453732.757068, 1471453732.782957, 1471453732.811954, 1471453732.837967, 1471453732.854538, 1471453732.882078, 1471453732.895129, 1471453732.90822, 1471453732.921572, 1471453732.933084, 1471453732.9457, 1471453732.961275, 1471453732.973877, 1471453732.986637, 1471453732.991654, 1471453733.004399, 1471453733.01831, 1471453733.030762, 1471453733.044487, 1471453733.058461, 1471453733.074108, 1471453733.102038, 1471453733.123216, 1471453733.12358, 1471453733.123607, 1471453914.177816, 1471453914.343631, 1471453914.344037, 1471453914.344065, 1471453914.344072, 1471453914.346786, 1471453914.346813, 1471453914.842788, 1471453914.948983, 1471453914.950146, 1471453915.066795, 1471453915.1694, 1471453915.208608, 1471453915.271176, 1471453915.271652, 1471453915.272573, 1471453915.310462, 1471453915.310511, 1471453915.373937, 1471453915.373976, 1471453915.386608, 1471453915.399595, 1471453915.423836, 1471453915.43722, 1471453915.449777, 1471453915.475759, 1471453915.476013, 1471453915.476035, 1471453915.502111, 1471453915.537587, 1471453915.563082, 1471453915.578509, 1471453915.604139, 1471453915.629828, 1471453915.665238, 1471453915.681842, 1471453915.708607, 1471453915.735477, 1471453915.76673, 1471453915.783881, 1471453915.81041, 1471453915.837084, 1471453915.850977, 1471453915.863678, 1471453915.877427, 1471453915.885514, 1471453915.898325, 1471453915.911689, 1471453915.924689, 1471453915.938752, 1471453915.951494, 1471453915.964022, 1471453915.977641, 1471453915.987875, 1471453916.000432, 1471453916.014723, 1471453916.040672, 1471453916.066893, 1471453916.079606, 1471453916.079635
IPAddress: 107.21.214.151, 1471453285.148677, 1471453285.282832, 1471453285.283205, 1471453285.283233, 1471453285.283239, 1471453285.283248, 1471453285.488425, 1471453285.606303, 1471453285.708881, 1471453285.74597, 1471453285.809775, 1471453285.810138, 1471453285.810877, 1471453285.846644, 1471453285.84689, 1471453285.910849, 1471453285.910877, 1471453285.924153, 1471453285.936502, 1471453285.963506, 1471453285.971382, 1471453285.98576, 1471453286.011957, 1471453286.012687, 1471453286.038861, 1471453286.077407, 1471453286.102821, 1471453286.11271, 1471453286.138207, 1471453286.16336, 1471453286.187822, 1471453286.212665, 1471453286.238508, 1471453286.262227, 1471453286.288729, 1471453286.312437, 1471453286.346536, 1471453286.468211, 1471453286.494408, 1471453286.520301, 1471453286.54856, 1471453286.568243, 1471453286.593373, 1471453286.687945, 1471453286.808085, 1471453286.833311, 1471453286.86123, 1471453286.88272, 1471453286.908251, 1471453286.932836, 1471453286.958871, 1471453286.982882, 1471453287.008205, 1471453287.033962, 1471453287.058696, 1471453287.083199, 1471453287.108068, 1471453287.157975, 1471453287.207963, 1471453287.255872, 1471453927.32751, 1471453927.458252, 1471453927.458622, 1471453927.45865, 1471453927.458748, 1471453927.458768, 1471453927.61471, 1471453927.728939, 1471453927.824493, 1471453927.861672, 1471453927.919801, 1471453927.919988, 1471453927.920402, 1471453927.956992, 1471453927.957336, 1471453928.015157, 1471453928.015203, 1471453928.02979, 1471453928.042779, 1471453928.054782, 1471453928.068396, 1471453928.081636, 1471453928.112303, 1471453928.116259, 1471453928.142602, 1471453928.168692, 1471453928.194565, 1471453928.211245, 1471453928.237898, 1471453928.264231, 1471453928.288235, 1471453928.306577, 1471453928.331383, 1471453928.357197, 1471453928.382966, 1471453928.401466, 1471453928.426487, 1471453928.543636, 1471453928.569162, 1471453928.594507, 1471453928.619913, 1471453928.640286, 1471453928.665942, 1471453928.713676, 1471453928.735054, 1471453928.746305, 1471453928.862497, 1471453928.887437, 1471453928.91227, 1471453928.937876, 1471453928.95747, 1471453928.984575, 1471453929.008797, 1471453929.033205, 1471453929.052605, 1471453929.077969, 1471453929.102449, 1471453929.129545, 1471453929.147595, 1471453929.174717, 1471453929.225665, 1471453929.242541, 1471453929.303866
IPAddress: 107.22.199.21, 1471453466.970433, 1471453467.10246, 1471453467.102941, 1471453467.102965, 1471453467.102983, 1471453467.102991, 1471453467.265239, 1471453467.419469, 1471453467.456126, 1471453467.519725, 1471453467.57357, 1471453467.613341, 1471453467.620128, 1471453467.632891, 1471453467.674049, 1471453467.674312, 1471453467.718175, 1471453467.720367, 1471453467.733079, 1471453467.74667, 1471453467.757881, 1471453467.791536, 1471453467.801677, 1471453467.812038, 1471453467.820272, 1471453467.834827, 1471453467.938161, 1471453467.938183, 1471453713.79328, 1471453713.957816, 1471453713.958205, 1471453713.958232, 1471453713.958238, 1471453713.958246, 1471453714.185909, 1471453714.304803, 1471453714.406721, 1471453714.44469, 1471453714.508468, 1471453714.508518, 1471453714.508934, 1471453714.54631, 1471453714.54687, 1471453714.610099, 1471453714.611916, 1471453714.624171, 1471453714.636958, 1471453714.659865, 1471453714.671974, 1471453714.684896, 1471453714.711658, 1471453714.713181, 1471453714.741415, 1471453714.773214, 1471453714.798143, 1471453714.814129, 1471453714.841731, 1471453714.865033, 1471453714.915132, 1471453714.959355, 1471453714.959383, 1471453715.069259, 1471453715.069288, 1471453715.069294
IPAddress: 23.23.97.224, 1471453468.294, 1471453468.43072, 1471453468.431092, 1471453468.431118, 1471453468.431165, 1471453468.431174, 1471453468.625454, 1471453468.745572, 1471453468.8488, 1471453468.889558, 1471453468.952015, 1471453468.952897, 1471453468.953173, 1471453468.9922, 1471453468.992374, 1471453469.054172, 1471453469.068373, 1471453469.082122, 1471453469.106313, 1471453469.118781, 1471453469.131517, 1471453469.157698, 1471453469.18742, 1471453469.24537, 1471453469.259713, 1471453469.314283, 1471453469.355745, 1471453469.361784, 1471453469.419492, 1471453469.464103, 1471453469.566994, 1471453469.610161, 1471453469.610194, 1471453469.717375, 1471453469.717408, 1471453469.717417, 1471453729.006118, 1471453729.141075, 1471453729.141494, 1471453729.141519, 1471453729.141525, 1471453729.141534, 1471453729.299173, 1471453729.41579, 1471453729.5165, 1471453729.55361, 1471453729.616877, 1471453729.617224, 1471453729.617324, 1471453729.654089, 1471453729.65433, 1471453729.718503, 1471453729.730061, 1471453729.742119, 1471453729.766916, 1471453729.779461, 1471453729.792457, 1471453729.818931, 1471453729.819208, 1471453729.845544, 1471453729.879137, 1471453729.905797, 1471453729.919254, 1471453729.945842, 1471453729.969925, 1471453729.997516, 1471453730.020555, 1471453730.044263, 1471453730.069216, 1471453730.097277, 1471453730.122706, 1471453730.143697, 1471453730.264827, 1471453730.290053, 1471453730.317387, 1471453730.343512, 1471453730.365059, 1471453730.389881, 1471453730.476261, 1471453730.596176, 1471453730.621963, 1471453730.646634, 1471453730.670804, 1471453730.697084, 1471453730.722743, 1471453730.750215, 1471453730.772345, 1471453730.797994, 1471453730.823999, 1471453730.849306, 1471453730.872709, 1471453730.898416, 1471453730.949677, 1471453730.998857, 1471453731.051608
IPAddress: 54.159.82.228, 1471453468.365082, 1471453468.470765, 1471453468.470794, 1471453468.602713
IPAddress: 54.80.113.88, 1471453718.361569, 1471453718.486826, 1471453718.486856, 1471453718.654301, 1471453720.617047, 1471453720.742386, 1471453722.740444, 1471453722.875989, 1471453722.911637
IPAddress: 54.198.137.31, 1471453915.648199, 1471453915.760844, 1471453922.422558, 1471453922.524811, 1471453922.549025
