IPAddress: 130.83.253.186, 1460732922.471243, 1460733258.303269, 1460733511.353094, 1464017012.209661, 1464017541.855229, 1464017784.584077, 1464018019.40205, 1468587256.57469, 1473078942.921388, 1468587966.890654, 1468588257.571236, 1468588725.910044, 1468589132.896215, 1473077871.937593, 1473078235.246629, 1473078456.165194, 1473078700.552927
IPAddress: 10.10.10.1, 1460732926.119101, 1460732932.154218, 1460732933.76221, 1460732985.533167, 1460733261.940732, 1460733267.407963, 1460733329.098476, 1460733330.621252, 1460733514.955572, 1460733520.37601, 1460733521.845498, 1460733565.181566, 1460733789.966321, 1460733795.364077, 1460733845.178207, 1460734165.006057, 1460734171.102715, 1460734172.583953, 1460734246.404301, 1464017015.930249, 1464017021.349498, 1464017023.073318, 1464017075.197639, 1464017270.528816, 1464017275.911626, 1464017277.521117, 1464017340.643214, 1464017545.569189, 1464017550.965039, 1464017552.579426, 1464017600.693954, 1464017788.456874, 1464017793.852929, 1464017842.064033, 1464017843.521276, 1464018023.084623, 1464018028.606052, 1464018030.795929, 1464018067.29008, 1468587257.564282, 1468587263.006964, 1468587265.187313, 1468587374.308354, 1473078943.631731, 1473078949.260321, 1473078950.875902, 1473078996.781582, 1468587968.622801, 1468587974.103124, 1468587975.595176, 1468588030.209458, 1468588258.375305, 1468588263.821095, 1468588265.410668, 1468588333.663187, 1468588726.824827, 1468588732.635286, 1468588734.222633, 1468588792.06909, 1468589134.142202, 1468589140.062021, 1468589192.944902, 1473077873.048895, 1473077878.412392, 1473077880.033226, 1473077992.283257, 1473078236.301929, 1473078242.229772, 1473078289.812026, 1473078456.879335, 1473078462.350549, 1473078464.804576, 1473078507.823705, 1473078701.626817, 1473078707.127535, 1473078753.962738, 1473078755.560347
IPAddress: 54.86.11.193, 1460732926.222223, 1460733515.054335, 1460734165.154562, 1464017270.634203, 1464017788.561643, 1468587257.674818, 1468588258.477154, 1468589134.244371
IPAddress: 10.10.10.28, 1460732929.233553, 1460732929.241117, 1460732929.242627, 1460732929.311808, 1460732929.313059, 1460732929.327877, 1460732929.335106, 1460732929.336587, 1460732929.547704, 1460732929.548988, 1460732975.676512, 1460732975.680214, 1460732975.680537, 1460732975.790484, 1460732975.792202, 1460732975.79229, 1460732975.792399, 1460732975.797154, 1460732975.805404, 1460732975.807195, 1460732977.617247, 1460732977.618564, 1460732977.63226, 1460732977.634981, 1460732977.636251, 1460732977.757253, 1460732977.75734, 1460732977.757436, 1460732977.764233, 1460732977.766383, 1460732977.767455, 1460732978.235903, 1460732978.236736, 1460732978.249867, 1460732978.251986, 1460732978.253205, 1460732978.331532, 1460732978.33165, 1460732978.33303, 1460732978.35061, 1460732978.352779, 1460732978.353119, 1460732982.182868, 1460732982.183791, 1460732982.194786, 1460732982.196484, 1460732982.197021, 1460732982.243105, 1460732982.243576, 1460732982.26146, 1460732982.26314, 1460732982.263969, 1460732982.53564, 1460732982.55464, 1460732982.582541, 1460732982.584801, 1460732982.585708, 1460732987.03464, 1460732987.035166, 1460732990.587529, 1460732990.589261, 1460732990.590249, 1460732990.626086, 1460732990.627001, 1460732990.627891, 1460733265.759998, 1460733265.763898, 1460733265.765687, 1460733265.807362, 1460733265.808716, 1460733265.816119, 1460733265.82408, 1460733265.826441, 1460733265.827923, 1460733265.873155, 1460733265.87438, 1460733318.560509, 1460733318.568213, 1460733318.568427, 1460733318.634838, 1460733318.63494, 1460733318.635044, 1460733318.635153, 1460733318.643114, 1460733318.647241, 1460733318.649136, 1460733320.459433, 1460733320.461518, 1460733320.488529, 1460733320.491679, 1460733320.49302, 1460733320.5841, 1460733320.584167, 1460733320.598744, 1460733320.601258, 1460733320.602445, 1460733320.639423, 1460733320.63964, 1460733320.649199, 1460733320.651386, 1460733320.652558, 1460733321.890442, 1460733321.890592, 1460733321.891331, 1460733321.910903, 1460733321.917326, 1460733321.921048, 1460733324.560673, 1460733324.562454, 1460733324.581606, 1460733324.58651, 1460733324.587628, 1460733324.637226, 1460733324.638157, 1460733324.664362, 1460733324.666966, 1460733324.668237, 1460733324.751868, 1460733324.753897, 1460733324.77576, 1460733324.777747, 1460733324.778711, 1460733333.367923, 1460733333.369471, 1460733336.475408, 1460733336.477323, 1460733336.47869, 1460733336.621877, 1460733336.62196, 1460733518.233074, 1460733518.235772, 1460733518.237101, 1460733518.27004, 1460733518.271635, 1460733518.27373, 1460733518.293406, 1460733518.295701, 1460733518.297129, 1460733518.336113, 1460733518.337048, 1460733553.078398, 1460733553.083233, 1460733553.098174, 1460733553.140234, 1460733553.140276, 1460733553.143759, 1460733553.157993, 1460733553.160834, 1460733553.162876, 1460733555.980189, 1460733555.98148, 1460733555.997254, 1460733555.999921, 1460733556.001162, 1460733556.053483, 1460733556.054783, 1460733556.060259, 1460733556.063688, 1460733556.065802, 1460733556.069531, 1460733556.161393, 1460733556.162675, 1460733556.183259, 1460733556.185666, 1460733556.186653, 1460733557.585652, 1460733557.590622, 1460733557.592083, 1460733557.626838, 1460733557.628841, 1460733557.630407, 1460733560.074767, 1460733560.075636, 1460733560.09287, 1460733560.094374, 1460733560.095106, 1460733560.140435, 1460733560.140956, 1460733560.159462, 1460733560.161085, 1460733560.161766, 1460733560.246416, 1460733560.247183, 1460733560.262986, 1460733560.266287, 1460733560.266499, 1460733566.856943, 1460733566.87377, 1460733569.951322, 1460733569.953094, 1460733569.953756, 1460733569.992392, 1460733569.994153, 1460733569.996363, 1460733798.567155, 1460733798.569582, 1460733798.57058, 1460733798.601002, 1460733798.602802, 1460733798.615129, 1460733798.617136, 1460733798.617424, 1460733798.658034, 1460733798.658074, 1460733838.009153, 1460733838.020051, 1460733838.022701, 1460733838.092362, 1460733838.092453, 1460733838.092541, 1460733838.092663, 1460733838.098903, 1460733838.107393, 1460733838.108882, 1460733839.838484, 1460733839.839792, 1460733839.857659, 1460733839.861233, 1460733839.862827, 1460733839.920641, 1460733839.921567, 1460733839.941411, 1460733839.944236, 1460733839.945222, 1460733840.039611, 1460733840.04049, 1460733840.058409, 1460733840.061211, 1460733840.062235, 1460733841.26879, 1460733841.270251, 1460733841.270345, 1460733841.314431, 1460733841.316884, 1460733841.317895, 1460733843.929828, 1460733843.929869, 1460733843.931267, 1460733843.943021, 1460733843.946199, 1460733843.947145, 1460733843.988162, 1460733843.988929, 1460733844.006412, 1460733844.008667, 1460733844.010117, 1460733844.097452, 1460733844.105286, 1460733844.144878, 1460733844.150197, 1460733844.15362, 1460733846.400335, 1460733846.40108, 1460733849.930579, 1460733849.932591, 1460733849.933484, 1460733850.015877, 1460733850.016725, 1460734196.907212, 1460734196.909991, 1460734196.911729, 1460734196.948644, 1460734196.950372, 1460734196.97203, 1460734196.974645, 1460734196.976509, 1460734197.018813, 1460734197.020409, 1460734197.020515, 1460734235.266895, 1460734235.27429, 1460734235.27602, 1460734235.34855, 1460734235.348574, 1460734235.348761, 1460734235.348977, 1460734235.356566, 1460734235.360381, 1460734235.362165, 1460734236.985884, 1460734236.985924, 1460734237.001532, 1460734237.004333, 1460734237.005726, 1460734237.04194, 1460734237.043363, 1460734237.052029, 1460734237.054545, 1460734237.055497, 1460734237.091043, 1460734237.09197, 1460734237.102483, 1460734237.104674, 1460734237.105637, 1460734238.382004, 1460734238.382772, 1460734238.383541, 1460734238.409472, 1460734238.411925, 1460734238.412894, 1460734241.064818, 1460734241.075057, 1460734241.076074, 1460734241.076182, 1460734241.100809, 1460734241.103225, 1460734241.104098, 1460734241.14988, 1460734241.150786, 1460734241.167578, 1460734241.169448, 1460734241.170367, 1460734241.266538, 1460734241.267367, 1460734241.364847, 1460734241.368231, 1460734241.370584, 1460734247.801299, 1460734247.808298, 1460734250.726335, 1460734250.728888, 1460734250.729108, 1460734250.7708, 1460734250.771771
IPAddress: 52.8.178.58, 1460732932.328059, 1460732932.567816, 1460732932.568219, 1460732932.568237, 1460732932.742454, 1460732932.952017, 1460732933.184793, 1460732933.477305, 1460732933.76188, 1464017021.521573, 1464017021.771071, 1464017021.771626, 1464017021.771647, 1464017021.959064, 1464017022.262036, 1464017022.494934, 1464017022.799031, 1464017023.071929
IPAddress: 54.229.64.81, 1460732933.793626, 1460732933.911786, 1460732933.91273, 1460732933.912744, 1460732933.943492, 1460732934.064953, 1460732934.185304, 1460732934.286932, 1460732941.085258, 1460732941.187378, 1460733521.871066, 1460733521.984272, 1460733521.986031, 1460733521.986047, 1460733522.013456, 1460733522.126682, 1460733522.235194, 1460733522.357505, 1460733529.229965, 1460733529.343028, 1464017075.222962, 1464017075.34197, 1464017075.342848, 1464017075.342865, 1464017075.370005, 1464017075.479149, 1464017075.599043, 1464017075.715985, 1464017076.594214, 1464017843.546681, 1464017843.667914, 1464017843.668506, 1464017843.66852, 1464017843.693908, 1464017843.804322, 1464017843.919327, 1464017844.042476, 1464017844.74139, 1473078996.805956, 1473078996.928125, 1473078996.934065, 1473078996.934097, 1473078996.958714, 1473078997.06369, 1473078997.208621, 1473078997.304674, 1473078998.003814, 1473078998.004043, 1468588333.687487, 1468588333.803582, 1468588333.804291, 1468588333.80443, 1468588333.829011, 1468588333.939091, 1468588334.082676, 1468588334.084987, 1468588334.171385, 1468588334.185661, 1468588334.886401, 1468588792.092957, 1468588792.212446, 1468588792.214289, 1468588792.214318, 1468588792.238919, 1468588792.350123, 1468588792.484056, 1468588792.616412, 1468588792.629311, 1468588793.236299, 1468588793.282613, 1468589140.091127, 1468589140.215949, 1468589140.216305, 1468589140.216333, 1468589140.246875, 1468589140.356818, 1468589140.49064, 1468589140.622349, 1468589140.641721, 1468589147.539007, 1468589147.590382, 1468589147.677161, 1473077880.058419, 1473077880.180206, 1473077880.180549, 1473077880.180577, 1473077880.211765, 1473077880.317277, 1473077880.459595, 1473077880.55994, 1473077887.496989, 1473077887.508224, 1473077887.598642, 1473078755.584592, 1473078755.706197, 1473078755.706599, 1473078755.706619, 1473078755.731204, 1473078755.844245, 1473078755.966881, 1473078756.106577, 1473078756.109672, 1473078757.003357, 1473078757.008826
IPAddress: 54.194.162.61, 1460732985.558769, 1460732985.67779, 1460732985.681522, 1460732985.681543, 1460732985.708785, 1460732985.838668, 1460732985.947987, 1460732986.069118, 1460732986.802613, 1460733565.206744, 1460733565.324958, 1460733565.328711, 1460733565.328727, 1460733565.354379, 1460733565.462394, 1460733565.576047, 1460733565.698048, 1460733566.455306, 1460733566.462718, 1460734172.611239, 1460734172.732097, 1460734172.732818, 1460734172.73283, 1460734172.762165, 1460734172.874765, 1460734172.993048, 1460734173.116131, 1460734179.915594, 1460734180.024585, 1464017793.883949, 1464017794.008415, 1464017794.010902, 1464017794.010923, 1464017794.041587, 1464017794.15024, 1464017794.256618, 1464017794.387406, 1464017801.227481, 1464017801.335607, 1468587265.212498, 1468587265.32656, 1468587265.326875, 1468587265.32691, 1468587265.353028, 1468587265.46894, 1468587265.612664, 1468587265.61982, 1468587265.696053, 1468587265.721213, 1468587272.512654, 1468587272.522152, 1468587272.608902, 1468587975.620328, 1468587975.73273, 1468587975.733489, 1468587975.733514, 1468587975.758751, 1468587975.869331, 1468587976.000871, 1468587976.131841, 1468587976.14675, 1468587982.963266, 1468587982.997166, 1468587983.081438, 1468589192.96933, 1468589193.08859, 1468589193.089085, 1468589193.089113, 1468589193.116052, 1468589193.226597, 1468589193.373359, 1468589193.373624, 1468589193.457308, 1468589193.473728, 1468589194.324181
IPAddress: 54.186.215.173, 1460733262.13881, 1460733790.133666, 1464017016.097921, 1464017545.744021, 1464018023.251958, 1468587968.789565, 1468588726.993523
IPAddress: 54.194.162.25, 1460733267.439563, 1460733267.558931, 1460733267.937499, 1460733267.937515, 1460733267.971069, 1460733268.052278, 1460733268.563874, 1460733268.654467, 1460733269.291967, 1460733269.381645, 1460733269.900022, 1460733276.71467, 1460733277.034496, 1460733277.2095, 1460733277.632318, 1460733330.651768, 1460733330.767671, 1460733330.863039, 1460733330.863056, 1460733330.89068, 1460733331.020939, 1460733331.479156, 1460733331.617139, 1460733332.101197, 1460733332.246497, 1460733332.68266, 1460733333.509292, 1460733333.962843, 1460734246.429933, 1460734246.54302, 1460734246.641385, 1460734246.641402, 1460734246.677975, 1460734246.79687, 1460734246.837131, 1460734246.913359, 1460734247.013954, 1460734247.102419, 1460734247.205133, 1460734248.011463, 1460734248.026623, 1460734302.583985, 1460734302.609369, 1464017552.605389, 1464017552.717873, 1464017552.889049, 1464017552.889064, 1464017552.918358, 1464017552.975289, 1464017553.009907, 1464017553.091586, 1464017553.201073, 1464017553.286953, 1464017553.474547, 1464017560.338697, 1464017560.784773, 1464017560.909198, 1464017561.114078, 1468587374.333024, 1468587374.449103, 1468587374.449381, 1468587374.449407, 1468587374.473775, 1468587374.58442, 1468587374.731848, 1468587374.732939, 1468587374.816768, 1468587374.834041, 1468587375.631859, 1468587375.640863, 1468588030.2336, 1468588030.353176, 1468588030.359555, 1468588030.359601, 1468588030.383777, 1468588030.492174, 1468588030.636362, 1468588030.753596, 1468588030.7767, 1468588031.544703, 1468588031.577519, 1473078464.833147, 1473078464.94739, 1473078464.947953, 1473078464.947989, 1473078464.973904, 1473078465.084266, 1473078465.207806, 1473078465.34662, 1473078465.356737, 1473078472.167745, 1473078472.20737, 1473078472.296545
IPAddress: 54.193.108.172, 1460733329.271552, 1460733329.501438, 1460733329.505991, 1460733329.506006, 1460733329.677648, 1460733329.878949, 1460733330.118644, 1460733330.398251, 1460733330.619928, 1460733520.538829, 1460733520.778685, 1460733520.784719, 1460733520.784735, 1460733520.950711, 1460733521.158839, 1460733521.397769, 1460733521.623034, 1460733521.839485, 1473077878.581877, 1473077878.82804, 1473077878.828598, 1473077878.828625, 1473077879.001194, 1473077879.209557, 1473077879.449788, 1473077879.752176, 1473077880.018604
IPAddress: 52.18.83.30, 1460733795.394182, 1460733795.52029, 1460733795.521902, 1460733795.521919, 1460733795.559744, 1460733795.654659, 1460733795.766964, 1460733795.889988, 1460733802.853716, 1460733802.951838, 1464017277.548198, 1464017277.669529, 1464017277.670394, 1464017277.670408, 1464017277.699657, 1464017277.805906, 1464017277.920792, 1464017278.040498, 1464017284.9273, 1464017285.038599, 1464017600.719411, 1464017600.838688, 1464017600.838992, 1464017600.839011, 1464017600.864613, 1464017600.976634, 1464017601.088847, 1464017601.211003, 1464017602.011157, 1464018030.823078, 1464018030.944141, 1464018030.944961, 1464018030.944977, 1464018030.971989, 1464018031.09353, 1464018031.204255, 1464018031.327397, 1464018038.109854, 1464018038.203224
IPAddress: 52.17.248.50, 1460733845.204173, 1460733845.33804, 1460733845.339138, 1460733845.339154, 1460733845.366617, 1460733845.471392, 1460733845.59, 1460733845.706123, 1460733846.41797, 1460733900.904876, 1460733900.929832, 1464017340.669094, 1464017340.7903, 1464017340.790715, 1464017340.790736, 1464017340.840658, 1464017340.936014, 1464017341.044991, 1464017341.162749, 1464017341.897312, 1464018067.3162, 1464018067.436137, 1464018067.441098, 1464018067.441137, 1464018067.468414, 1464018067.578957, 1464018067.687976, 1464018067.814479, 1464018068.470886, 1468588265.435244, 1468588265.550569, 1468588265.550983, 1468588265.551011, 1468588265.579263, 1468588265.691914, 1468588265.832299, 1468588265.842725, 1468588265.919657, 1468588265.943216, 1468588272.794973, 1468588272.899289, 1473078242.258876, 1473078242.387109, 1473078242.388571, 1473078242.388594, 1473078242.427099, 1473078242.531555, 1473078242.687938, 1473078242.698158, 1473078242.777707, 1473078242.790909, 1473078249.744332, 1473078249.841975, 1473078507.848056, 1473078507.967081, 1473078507.967552, 1473078507.96758, 1473078507.993598, 1473078508.103169, 1473078508.239709, 1473078508.376438, 1473078508.389127, 1473078509.159779, 1473078509.191454
IPAddress: 52.8.86.161, 1460734171.272908, 1460734171.523663, 1460734171.529008, 1460734171.529026, 1460734171.701844, 1460734171.90361, 1460734172.133323, 1460734172.362326, 1460734172.590709, 1473078949.434977, 1473078949.679142, 1473078949.679174, 1473078949.679237, 1473078949.856633, 1473078950.063677, 1473078950.337015, 1473078950.340829, 1473078950.587377, 1473078950.638882, 1473078950.877246, 1468588732.804719, 1468588733.051424, 1468588733.051791, 1468588733.051819, 1468588733.230232, 1468588733.429672, 1468588733.69364, 1468588733.705492, 1468588733.951704, 1468588734.004424, 1468588734.241362, 1473078754.127333, 1473078754.366443, 1473078754.366763, 1473078754.366868, 1473078754.531763, 1473078754.744977, 1473078754.999481, 1473078755.299683, 1473078755.555124
IPAddress: 52.17.177.126, 1464017023.099246, 1464017023.211576, 1464017023.247447, 1464017023.247468, 1464017023.277505, 1464017023.345541, 1464017023.476247, 1464017023.581663, 1464017023.681352, 1464017023.7647, 1464017023.954708, 1464017030.8823, 1464017030.896648, 1464017031.008916, 1473078950.900746, 1473078951.012838, 1473078951.013292, 1473078951.01332, 1473078951.041549, 1473078951.149587, 1473078951.270638, 1473078951.417383, 1473078958.267154, 1473078958.361919, 1468588734.247565, 1468588734.362394, 1468588734.363037, 1468588734.363068, 1468588734.388929, 1468588734.499742, 1468588734.619191, 1468588734.762673, 1468588734.763959, 1468588741.732677, 1468588741.770838, 1468588741.853802, 1473077992.308305, 1473077992.421025, 1473077992.421325, 1473077992.421353, 1473077992.445889, 1473077992.557243, 1473077992.675578, 1473077992.824047, 1473077993.524744, 1473078289.8371, 1473078289.949219, 1473078289.949671, 1473078289.949698, 1473078289.976112, 1473078290.090592, 1473078290.226048, 1473078290.356831, 1473078290.373188, 1473078291.079775, 1473078291.121344, 1473078707.156607, 1473078707.283706, 1473078707.283924, 1473078707.284059, 1473078707.323064, 1473078707.425023, 1473078707.568838, 1473078707.67007, 1473078714.463548, 1473078714.475067, 1473078714.564458
IPAddress: 52.9.16.35, 1464017276.087807, 1464017276.33452, 1464017276.334974, 1464017276.334995, 1464017276.512266, 1464017276.713841, 1464017276.9464, 1464017277.236919, 1464017277.54565
IPAddress: 54.193.40.55, 1464017551.137379, 1464017551.378473, 1464017551.37881, 1464017551.37883, 1464017551.568984, 1464017551.760252, 1464017551.992938, 1464017552.281651, 1464017552.568883
IPAddress: 52.8.79.180, 1464017842.226093, 1464017842.462997, 1464017842.463321, 1464017842.463341, 1464017842.627192, 1464017842.839388, 1464017843.073625, 1464017843.294179, 1464017843.512125
IPAddress: 54.238.198.198, 1464018028.883603, 1464018029.250016, 1464018029.250796, 1464018029.250816, 1464018029.540944, 1464018029.868825, 1464018030.242495, 1464018030.574644, 1464018030.902783, 1473078462.610074, 1473078462.978369, 1473078462.978765, 1473078462.978792, 1473078463.247477, 1473078463.592305, 1473078463.985835, 1473078464.333597, 1473078464.645147
IPAddress: 54.238.186.67, 1468587263.270676, 1468587263.643986, 1468587263.644224, 1468587263.644266, 1468587263.908659, 1468587264.257599, 1468587264.630009, 1468587264.980075, 1468587265.299095
IPAddress: 52.1.151.223, 1473078943.740097, 1473077873.155969, 1473078456.984166
IPAddress: 54.193.40.248, 1468587974.26867, 1468587974.518292, 1468587974.518653, 1468587974.518681, 1468587974.68773, 1468587974.890792, 1468587975.15316, 1468587975.163275, 1468587975.411456, 1468587975.413952, 1468587975.641093
IPAddress: 54.193.41.31, 1468588263.995417, 1468588264.244098, 1468588264.244797, 1468588264.244826, 1468588264.426621, 1468588264.62362, 1468588264.861239, 1468588265.158682, 1468588265.434515
IPAddress: 52.37.127.48, 1473078236.47879, 1473078701.805452
